<?xml version="1.0" encoding="UTF-8" standalone="no" ?>
<presentation availableOffline="1" guid="C9D0AC26-C326-4794-896E-44105D23BC66" version="0">
	<info>
		<title>IPA Soal</title>
		<description/>
	</info>
	<files index="id14" thumbnail="id10" totalSize="1725235">
		<file id="id0">data/apple-touch-icon.png</file>
		<file id="id1">data/browsersupport.js</file>
		<file id="id2">data/favicon.ico</file>
		<file id="id3">data/fonts/fnt0.woff</file>
		<file id="id4">data/fonts/fnt1.woff</file>
		<file id="id5">data/fonts/fnt2.woff</file>
		<file id="id6">data/html5-unsupported.html</file>
		<file id="id7">data/html5.png</file>
		<file id="id8">data/ismplayer/app_store2x.png</file>
		<file id="id9">data/ismplayer/play.svg</file>
		<file id="id10">data/ismplayer/preview.png</file>
		<file id="id11">data/ismplayer/style.css</file>
		<file id="id12">data/ismplayer/style_mini.css</file>
		<file id="id13">data/player.js</file>
		<file id="id14">index.html</file>
		<file id="id15">ismplayer.html</file>
		<file id="id16">preview.png</file>
	</files>
</presentation>

